Error Message,Error Exception,Line,Date

Could not load PSWriteWord for signature list creation; part of folder creation function will not work,The specified module 'pswriteword' was not loaded because no valid module file was found in any module directory.,4374,2025-11-13 16:11:52
An error has occured at function create-folder while trying to build folder for GXMRSA-NXG-CE-10,The term 'Get-WordDocument' is not recognized as the name of a cmdlet; function; script file; or operable program. Check the spelling of the name; or if a path was included; verify that the path is correct and try again.,3037,2025-11-13 16:16:28
An error has occured at function create-folder while trying to build folder for GXGI-10,Cannot index into a null array.,2839,2026-01-06 13:52:14
Could not load PSWriteWord for signature list creation; part of folder creation function will not work,File C:\Users\mahdi.hussein\OneDrive - Danaher\Documents\WindowsPowerShell\Modules\pswriteword\1.1.14\PSWriteWord.psm1 cannot be loaded because running scripts is disabled on this system. For more information; see about_Execution_Policies at https:/go.microsoft.com/fwlink/?LinkID=135170.,30,2026-01-31 23:18:01
Could not load essential module PnP Powershell for sharepoint interaction. AutoMappscript is disabled,Could not load file or assembly 'file://\\SE.CEPHEID.PRI\Cepheid Sweden\QC\QC-1\IPT\Skiftspecifika dokument\Skift 1\Mahdi\powerpoint\AutoMappscript\Modules\PnP.PowerShell\1.12.0\Framework/PnP.PowerShell.dll' or one of its dependencies. Operation is not supported. (Exception from HRESULT: 0x80131515),4500,2026-02-09 13:12:01
Could not load PSWriteWord for signature list creation; part of folder creation function will not work,The specified module 'pswriteword' was not loaded because no valid module file was found in any module directory.,4516,2026-02-09 13:12:02
An error has occured at function refresh,You cannot call a method on a null-valued expression.,2801,2026-02-09 17:07:37
An error has occured at function refresh,You cannot call a method on a null-valued expression.,2801,2026-02-09 19:06:36
